"","Year","Month","Day","Text","Count"
"1",2020,2,12,"pauletta",7520
"2",2020,2,12,"pablolpez",1797
"3",2020,2,12,"tevoyacureosear",1221
"4",2020,2,12,"carlosloret",904
"5",2020,2,12,"morena",895
"6",2020,2,28,"leonor",2428
"7",2020,2,28,"amlo",2290
"8",2020,2,28,"vicks",1888
"9",2020,2,28,"kaylenzarate1",1504
"10",2020,2,28,"lopezobrador",1347
"11",2020,2,29,"eileenornot",2236
"12",2020,2,29,"rené",1630
"13",2020,2,29,"manuragaini",1595
"14",2020,2,29,"lopezobrador",1446
"15",2020,2,29,"cirogomezl",884
"16",2020,4,1,"trump",2451
"17",2020,4,1,"nicolasmaduro",2099
"18",2020,4,1,"maduro",1856
"19",2020,4,1,"alfredodelmazo",1679
"20",2020,4,1,"covid",1631
"21",2020,4,2,"trump",3411
"22",2020,4,2,"maduro",3200
"23",2020,4,2,"nicolasmaduro",2463
"24",2020,4,2,"ivanduque",2186
"25",2020,4,2,"duque",2172
"26",2020,4,3,"biancacirami",3174
"27",2020,4,3,"trump",2606
"28",2020,4,3,"duque",2528
"29",2020,4,3,"covid",2321
"30",2020,4,3,"alfredodelmazo",2026
"31",2020,4,4,"nicolasmaduro",6894
"32",2020,4,4,"lorena quaranta",6016
"33",2020,4,4,"nataliesr14",3657
"34",2020,4,4,"trump",3107
"35",2020,4,4,"amlo",3025
"36",2020,4,5,"lopezobrador",4916
"37",2020,4,5,"ivanduque",4042
"38",2020,4,5,"trump",3748
"39",2020,4,5,"nicolasmaduro",3566
"40",2020,4,5,"covid",3442
"41",2020,4,6,"boris johnson",7330
"42",2020,4,6,"covid",5055
"43",2020,4,6,"ivanduque",4852
"44",2020,4,6,"lopezobrador",3296
"45",2020,4,6,"josé",2763
"46",2020,4,7,"ivanduque",3980
"47",2020,4,7,"boris johnson",3937
"48",2020,4,7,"covid",3379
"49",2020,4,7,"trump",2912
"50",2020,4,7,"lopezobrador",2212
"51",2020,4,8,"trump",4644
"52",2020,4,8,"covid",2093
"53",2020,4,8,"lopezobrador",1733
"54",2020,4,8,"presidente",1566
"55",2020,4,8,"sánchez",1492
"56",2020,4,9,"carlosloret",3157
"57",2020,4,9,"sánchez",2592
"58",2020,4,9,"abascal",1680
"59",2020,4,9,"covid",1677
"60",2020,4,9,"trump",1560
"61",2020,4,10,"sánchez",3781
"62",2020,4,10,"urfiel",3357
"63",2020,4,10,"valentinaamm",3293
"64",2020,4,10,"idiazayuso",3104
"65",2020,4,10,"trump",2756
"66",2020,4,11,"anwar",4556
"67",2020,4,11,"farran",4519
"68",2020,4,11,"trump",3812
"69",2020,4,11,"valentinaamm",3208
"70",2020,4,11,"covid",2847
"71",2020,4,12,"nicolasmaduro",6242
"72",2020,4,12,"covid",5195
"73",2020,4,12,"maduro",4815
"74",2020,4,12,"ivette",3245
"75",2020,4,12,"trump",2737
"76",2020,4,14,"trump",4476
"77",2020,4,14,"covid",3051
"78",2020,4,14,"lopezobrador",2695
"79",2020,4,14,"drlorenzomeyer",2407
"80",2020,4,14,"rajoy",2058
"81",2020,4,15,"trump",10634
"82",2020,4,15,"covid",3131
"83",2020,4,15,"alfredodelmazo",3043
"84",2020,4,15,"sánchez",2665
"85",2020,4,15,"donald trump",2597
"86",2020,4,16,"trump",4734
"87",2020,4,16,"covid",3997
"88",2020,4,16,"luis sepúlveda",3668
"89",2020,4,16,"tsai ing-wen",2976
"90",2020,4,16,"nicolasmaduro",2918
"91",2020,4,17,"trump",4190
"92",2020,4,17,"covid",3999
"93",2020,4,17,"irene montero",3582
"94",2020,4,17,"nicolasmaduro",2431
"95",2020,4,17,"tsai ing-wen",1764
"96",2020,4,18,"covid",2783
"97",2020,4,18,"trump",2680
"98",2020,4,18,"sánchez",2493
"99",2020,4,18,"stilosa0",1881
"100",2020,4,18,"ignatiusfarray",1683
"101",2020,4,19,"trump",5722
"102",2020,4,19,"sánchez",4506
"103",2020,4,19,"covid",3992
"104",2020,4,19,"nicolasmaduro",2813
"105",2020,4,19,"stilosa0",2592
"106",2020,4,20,"covid",4243
"107",2020,4,20,"askomartin",3712
"108",2020,4,20,"trump",3131
"109",2020,4,20,"sánchez",2742
"110",2020,4,20,"fernando simón",2134
"111",2020,4,21,"leottte",900
"112",2020,4,21,"trump",854
"113",2020,4,21,"presidente",719
"114",2020,4,21,"nicolasmaduro",603
"115",2020,4,21,"mazzolenijulio",591
"116",2020,4,22,"alfredodelmazo",8677
"117",2020,4,22,"malbran",6050
"118",2020,4,22,"bill gates",4102
"119",2020,4,22,"pablo casado",3948
"120",2020,4,22,"casado",3523
"121",2020,4,23,"alfredodelmazo",8832
"122",2020,4,23,"covid",3575
"123",2020,4,23,"bill gates",1664
"124",2020,4,23,"nicolasmaduro",1582
"125",2020,4,23,"denisemaerker",1550
"126",2020,4,24,"trump",10194
"127",2020,4,24,"alfredodelmazo",5532
"128",2020,4,24,"covid",4281
"129",2020,4,24,"donald trump",3191
"130",2020,4,24,"roci",2246
"131",2020,4,25,"alfredodelmazo",10858
"132",2020,4,25,"trump",10565
"133",2020,4,25,"covid",4998
"134",2020,4,25,"donald trump",3252
"135",2020,4,25,"nicolasmaduro",2408
"136",2020,4,26,"inakodiazguerra",5687
"137",2020,4,26,"covid",5216
"138",2020,4,26,"trump",3484
"139",2020,4,26,"alfredodelmazo",2702
"140",2020,4,26,"sánchez",2529
"141",2020,4,28,"alfredodelmazo",3814
"142",2020,4,28,"trump",2595
"143",2020,4,28,"lopezobrador",1720
"144",2020,4,28,"sandoval",1688
"145",2020,4,28,"covid",1628
"146",2020,4,29,"iglesias",3490
"147",2020,4,29,"covid",2149
"148",2020,4,29,"tomascivetta",1952
"149",2020,4,29,"alfredodelmazo",1799
"150",2020,4,29,"bolsonaro",1736
"151",2020,4,30,"alfredodelmazo",4039
"152",2020,4,30,"covid",3104
"153",2020,4,30,"trump",3003
"154",2020,4,30,"iglesias",2916
"155",2020,4,30,"óscar chávez",2267
"156",2020,5,1,"trump",5617
"157",2020,5,1,"covid",2559
"158",2020,5,1,"bartlett",2463
"159",2020,5,1,"manuel bartlett",2231
"160",2020,5,1,"león manuel bartlett álvarez",2079
"161",2020,5,2,"trump",3693
"162",2020,5,2,"covid",3265
"163",2020,5,2,"bartlett",2590
"164",2020,5,2,"sanchezcastejon",2523
"165",2020,5,2,"lopezobrador",2014
"166",2020,5,3,"alfredodelmazo",6369
"167",2020,5,3,"teresa ribera",5114
"168",2020,5,3,"tonicanto1",3979
"169",2020,5,3,"covid",3759
"170",2020,5,3,"sánchez",3366
"171",2020,5,4,"alfredodelmazo",4461
"172",2020,5,4,"trump",3289
"173",2020,5,4,"covid",3214
"174",2020,5,4,"antonellamarty",3107
"175",2020,5,4,"lopezobrador",2802
"176",2020,5,5,"alfredodelmazo",13829
"177",2020,5,5,"alfonsodurazo",4914
"178",2020,5,5,"luis_r",4874
"179",2020,5,5,"secretario de seguridad",4874
"180",2020,5,5,"lopezobrador",2812
"181",2020,5,6,"covid",4156
"182",2020,5,6,"alfredodelmazo",4155
"183",2020,5,6,"abascal",3033
"184",2020,5,6,"trump",2604
"185",2020,5,6,"sánchez",2448
"186",2020,5,7,"alfredodelmazo",9345
"187",2020,5,7,"covid19",7115
"188",2020,5,7,"billy el niño",5889
"189",2020,5,7,"covid",4696
"190",2020,5,7,"sánchez",3097
"191",2020,5,8,"alfredodelmazo",7149
"192",2020,5,8,"covid",7120
"193",2020,5,8,"carlosloret",5605
"194",2020,5,8,"lopezobrador",5158
"195",2020,5,8,"fernando simón",2914
"196",2020,5,9,"covid",6412
"197",2020,5,9,"lopezobrador",4040
"198",2020,5,9,"fernando simón",3564
"199",2020,5,9,"alfredodelmazo",2818
"200",2020,5,9,"pedro sánchez",2732
"201",2020,5,10,"covid",4256
"202",2020,5,10,"pedro sánchez",3986
"203",2020,5,10,"sánchez",3208
"204",2020,5,10,"xi jinping",3022
"205",2020,5,10,"belunaser17",2718
"206",2020,5,11,"alfredodelmazo",6015
"207",2020,5,11,"idiazayuso",4576
"208",2020,5,11,"ayuso",4547
"209",2020,5,11,"covid",3831
"210",2020,5,11,"torrente",2671
"211",2020,5,12,"mariogarciaa15",5281
"212",2020,5,12,"alfredodelmazo",4596
"213",2020,5,12,"covid",3256
"214",2020,5,12,"ainhoalodemas",3211
"215",2020,5,12,"ayuso",3006
"216",2020,5,13,"alfredodelmazo",5417
"217",2020,5,13,"covid",3138
"218",2020,5,13,"nicolasmaduro",2905
"219",2020,5,13,"ayuso",2846
"220",2020,5,13,"trump",2150
"221",2020,5,14,"serranoismael",10388
"222",2020,5,14,"alfredodelmazo",3949
"223",2020,5,14,"covid",3578
"224",2020,5,14,"yoshio",3145
"225",2020,5,14,"nicolasmaduro",2965
"226",2020,5,15,"franchuarrigoni",4896
"227",2020,5,15,"nicolasmaduro",4062
"228",2020,5,15,"el_dr_ed",3795
"229",2020,5,15,"covid",3570
"230",2020,5,15,"jorge álvarez",3278
"231",2020,5,16,"covid",5276
"232",2020,5,16,"quinteros",5199
"233",2020,5,16,"kikolo777",4253
"234",2020,5,16,"sánchez",3679
"235",2020,5,16,"lopezobrador",3188
"236",2020,5,17,"covid",6748
"237",2020,5,17,"ramona",6037
"238",2020,5,17,"fernando simón",4992
"239",2020,5,17,"lopezobrador",4268
"240",2020,5,17,"paulahdezn",3365
"241",2020,5,18,"covid",4308
"242",2020,5,18,"ladypotorrev",4241
"243",2020,5,18,"ramona",3878
"244",2020,5,18,"ana rosa quintana",2974
"245",2020,5,18,"idiazayuso",2711
"246",2020,5,19,"covid",5913
"247",2020,5,19,"trump",2786
"248",2020,5,19,"carmen calvo",2600
"249",2020,5,19,"fernando simón",2364
"250",2020,5,19,"nayibbukele",2315
"251",2020,5,21,"esterrubio2",7791
"252",2020,5,21,"ana rosa quintana",6025
"253",2020,5,21,"covid",4896
"254",2020,5,21,"alfredodelmazo",2014
"255",2020,5,21,"lopezobrador",1872
"256",2020,5,22,"tinelli",4944
"257",2020,5,22,"camila",4849
"258",2020,5,22,"covid",4189
"259",2020,5,22,"themba hadebe",2829
"260",2020,5,22,"lopezobrador",1935
"261",2020,5,23,"gabrielrufian",10524
"262",2020,5,23,"ortega smith",5778
"263",2020,5,23,"themba hadebe",5562
"264",2020,5,23,"covid",5532
"265",2020,5,23,"fernando simón",4509
"266",2020,5,24,"alferdez",5297
"267",2020,5,24,"covid",4797
"268",2020,5,24,"alberto fernández",4422
"269",2020,5,24,"trump",2963
"270",2020,5,24,"juan_amorin",2902
"271",2020,5,25,"nicolasmaduro",5724
"272",2020,5,25,"covid",5121
"273",2020,5,25,"trump",2907
"274",2020,5,25,"marlaska",2693
"275",2020,5,25,"amlo",2390
"276",2020,5,26,"covid",4850
"277",2020,5,26,"lopezobrador",3304
"278",2020,5,26,"nicolasmaduro",3037
"279",2020,5,26,"diegomonkey9",2535
"280",2020,5,26,"alfredodelmazo",2227
"281",2020,5,27,"covid",4441
"282",2020,5,27,"lopezobrador",3733
"283",2020,5,27,"nicolasmaduro",3498
"284",2020,5,27,"iglesias",2309
"285",2020,5,27,"maduro",2210
"286",2020,5,28,"covid",5309
"287",2020,5,28,"iglesias",3496
"288",2020,5,28,"lopezobrador",2634
"289",2020,5,28,"nicolasmaduro",2537
"290",2020,5,28,"amancio",1595
"291",2020,5,29,"covid",4995
"292",2020,5,29,"trump",3890
"293",2020,5,29,"joaquimboschgra",2569
"294",2020,5,29,"simón",2347
"295",2020,5,29,"mañalich",2260
"296",2020,5,30,"covid",6116
"297",2020,5,30,"trump",5565
"298",2020,5,30,"alejandrosanmo",2986
"299",2020,5,30,"nicolasmaduro",2871
"300",2020,5,30,"illa",2417
"301",2020,5,31,"covid",5207
"302",2020,5,31,"sánchez",4461
"303",2020,5,31,"lafallaras",4188
"304",2020,5,31,"javier negre",4110
"305",2020,5,31,"trump",3917
"306",2020,6,1,"irene montero",33370
"307",2020,6,1,"trump",6998
"308",2020,6,1,"covid",6500
"309",2020,6,1,"albiol",3423
"310",2020,6,1,"irenemontero",3389
"311",2020,6,2,"trump",4836
"312",2020,6,2,"covid",4725
"313",2020,6,2,"irene montero",3517
"314",2020,6,2,"marlaska",3356
"315",2020,6,2,"solhoviedo",2819
"316",2020,6,3,"solhoviedo",8474
"317",2020,6,3,"covid",4836
"318",2020,6,3,"sánchez",3352
"319",2020,6,3,"casareal",2987
"320",2020,6,3,"lopezobrador",2430
"321",2020,6,4,"covid",7376
"322",2020,6,4,"trump",5193
"323",2020,6,4,"lopezobrador",4260
"324",2020,6,4,"felipecalderon",3634
"325",2020,6,4,"amlo",3601
"326",2020,6,5,"covid",7083
"327",2020,6,5,"nicolasmaduro",4637
"328",2020,6,5,"miguel bosé",4401
"329",2020,6,5,"trump",3771
"330",2020,6,5,"giovanni",3490
"331",2020,6,6,"covid",8527
"332",2020,6,6,"victoriamejiam",8515
"333",2020,6,6,"trump",6250
"334",2020,6,6,"irenirima",6221
"335",2020,6,6,"fernando simón",4964
"336",2020,6,7,"covid",9932
"337",2020,6,7,"salvadorilla",8125
"338",2020,6,7,"nicolasmaduro",5877
"339",2020,6,7,"bolsonaro",5085
"340",2020,6,7,"mañalich",4465
"341",2020,6,8,"zoé robledo",16391
"342",2020,6,8,"lopezobrador",13949
"343",2020,6,8,"covid",10976
"344",2020,6,8,"zoerobledo",9644
"345",2020,6,8,"mañalich",7453
"346",2020,6,9,"josé julián buelvas",9002
"347",2020,6,9,"covid",6679
"348",2020,6,9,"fernando simón",4602
"349",2020,6,9,"uliisesgonzalez",3842
"350",2020,6,9,"lopezobrador",3400
"351",2020,6,10,"lopezobrador",14685
"352",2020,6,10,"covid",7981
"353",2020,6,10,"covid19",5355
"354",2020,6,10,"miguel bosé",5162
"355",2020,6,10,"alfredodelmazo",3489
"356",2020,6,11,"grierboludo",14647
"357",2020,6,11,"lopezobrador",11808
"358",2020,6,11,"covid",9071
"359",2020,6,11,"luisabinader",5588
"360",2020,6,11,"jesuscintora",4558
"361",2020,6,12,"insaurralde",8599
"362",2020,6,12,"covid",7849
"363",2020,6,12,"pedro sánchez",6568
"364",2020,6,12,"miley cyrus",5864
"365",2020,6,12,"fernando simón",5683
"366",2020,6,13,"coronavirus",29304
"367",2020,6,13,"grierboludo",29164
"368",2020,6,13,"covid",13110
"369",2020,6,13,"pedro sánchez",11086
"370",2020,6,13,"miley cyrus",10067
"371",2020,6,14,"lopezobrador",11074
"372",2020,6,14,"covid",10753
"373",2020,6,14,"amlo",7104
"374",2020,6,14,"nicolasmaduro",6028
"375",2020,6,14,"coronavirus",4471
"376",2020,6,15,"lopezobrador",10744
"377",2020,6,15,"covid",7551
"378",2020,6,15,"cañizares",6545
"379",2020,6,15,"bill gates",5968
"380",2020,6,15,"andresamunt",4575
"381",2020,6,16,"covid",8153
"382",2020,6,16,"bill gates",6126
"383",2020,6,16,"lenin",5922
"384",2020,6,16,"darksidemiau",4903
"385",2020,6,16,"lopezobrador",3950
"386",2020,6,17,"vidal",14507
"387",2020,6,17,"covid",11341
"388",2020,6,17,"maría eugenia vidal",8151
"389",2020,6,17,"mariuvidal",5999
"390",2020,6,17,"lopezobrador",5845
"391",2020,6,18,"lopezobrador",9166
"392",2020,6,18,"covid",8719
"393",2020,6,18,"nicolasmaduro",7581
"394",2020,6,18,"vidal",4073
"395",2020,6,18,"sánchez",3467
"396",2020,6,19,"valeriabuitrag1",16515
"397",2020,6,19,"covid",13455
"398",2020,6,19,"nicolasmaduro",6547
"399",2020,6,19,"lopezobrador",5432
"400",2020,6,19,"ivanduque",4112
"401",2020,6,20,"covid",16410
"402",2020,6,20,"lopezobrador",11975
"403",2020,6,20,"claudialopez",9805
"404",2020,6,20,"amlo",7596
"405",2020,6,20,"duque",4478
"406",2020,6,21,"covid",9410
"407",2020,6,21,"pedro sánchez",7130
"408",2020,6,21,"trump",6092
"409",2020,6,21,"rubensancheztw",5900
"410",2020,6,21,"napoleón",4791
"411",2020,6,22,"covid",11540
"412",2020,6,22,"bernardino piñera",8644
"413",2020,6,22,"carlosloret",7541
"414",2020,6,22,"lopezobrador",6497
"415",2020,6,22,"piñera",6294
"416",2020,6,23,"covid",11265
"417",2020,6,23,"novak djokovic",10986
"418",2020,6,23,"dybala",6975
"419",2020,6,23,"djokovic",6584
"420",2020,6,23,"luisgerardom",4987
"421",2020,6,24,"dybala",7153
"422",2020,6,24,"covid",6807
"423",2020,6,24,"claudialopez",3656
"424",2020,6,24,"nicolasmaduro",3475
"425",2020,6,24,"lilia verónica malaver lovera",3383
"426",2020,6,25,"beatricededaz1",11776
"427",2020,6,25,"covid",7116
"428",2020,6,25,"carmensalinaslo",4776
"429",2020,6,25,"fonsiloaiza",4359
"430",2020,6,25,"zoerobledo",3602
"431",2020,6,26,"covid",8316
"432",2020,6,26,"covid19",4134
"433",2020,6,26,"coronavirus",2671
"434",2020,6,26,"fonsiloaiza",2626
"435",2020,6,26,"amlo",2490
"436",2020,6,27,"covid",6820
"437",2020,6,27,"carlos bilardo",3371
"438",2020,6,27,"bilardo",2144
"439",2020,6,27,"mazzolenijulio",2129
"440",2020,6,27,"coronavirus",2108
"441",2020,6,28,"covid",7857
"442",2020,6,28,"claudialopez",3156
"443",2020,6,28,"debbieorozcob",2994
"444",2020,6,28,"idiazayuso",1955
"445",2020,6,28,"nicolasmaduro",1896
"446",2020,6,29,"covid",16936
"447",2020,6,29,"pacodemiguelf",7985
"448",2020,6,29,"puto",7976
"449",2020,6,29,"bipolardo",3188
"450",2020,6,29,"doctor carlos salvador bilardo",3107
"451",2020,6,30,"covid",10383
"452",2020,6,30,"cinthia fernandez",3849
"453",2020,6,30,"nicolasmaduro",3547
"454",2020,6,30,"joaquinmoreira",3454
"455",2020,6,30,"doctormacias",3255
"456",2020,7,1,"nicolasmaduro",8160
"457",2020,7,1,"covid",6858
"458",2020,7,1,"trump",4058
"459",2020,7,1,"helenavillarrt",3337
"460",2020,7,1,"vickyortiz05",3098
"461",2020,7,2,"covid",5889
"462",2020,7,2,"helenavillarrt",4299
"463",2020,7,2,"felipecalderon",3489
"464",2020,7,2,"jorgebustos1",2991
"465",2020,7,2,"nicolasmaduro",2970
"466",2020,7,4,"covid",6884
"467",2020,7,4,"trump",3056
"468",2020,7,4,"sánchez",3038
"469",2020,7,4,"marina",2370
"470",2020,7,4,"gustavo",2275
"471",2020,7,5,"covid",7055
"472",2020,7,5,"sánchez",5912
"473",2020,7,5,"lopezobrador",5188
"474",2020,7,5,"nicolasmaduro",4231
"475",2020,7,5,"trump",3636
"476",2020,7,6,"pedro sánchez",10071
"477",2020,7,6,"nicolasmaduro",9397
"478",2020,7,6,"franco",8987
"479",2020,7,6,"covid",8400
"480",2020,7,6,"george floyd",6737
"481",2020,7,7,"bolsonaro",26855
"482",2020,7,7,"jair bolsonaro",26825
"483",2020,7,7,"aangieuxx",15380
"484",2020,7,7,"covid",14737
"485",2020,7,7,"trump",11533
"486",2020,7,8,"bolsonaro",13510
"487",2020,7,8,"covid",8226
"488",2020,7,8,"trump",6413
"489",2020,7,8,"jair bolsonaro",6081
"490",2020,7,8,"nicolasmaduro",3592
"491",2020,7,9,"nicolasmaduro",11507
"492",2020,7,9,"diosdado cabello",11502
"493",2020,7,9,"covid",9484
"494",2020,7,9,"maduro",5748
"495",2020,7,9,"omar prieto",5515
"496",2020,7,10,"diosdado cabello",15085
"497",2020,7,10,"dcabellor",13493
"498",2020,7,10,"covid",11253
"499",2020,7,10,"nicolasmaduro",11025
"500",2020,7,10,"diosdado",10818
"501",2020,7,11,"covid",10122
"502",2020,7,11,"trump",7322
"503",2020,7,11,"lopezobrador",5180
"504",2020,7,11,"gatell",4401
"505",2020,7,11,"diosdado",3813
"506",2020,7,12,"covid",9122
"507",2020,7,12,"joedson alves",6104
"508",2020,7,12,"nicolasmaduro",5609
"509",2020,7,12,"gatell",5093
"510",2020,7,12,"trump",4172
"511",2020,7,13,"karol g",13187
"512",2020,7,13,"covid",9265
"513",2020,7,13,"lopezobrador",6871
"514",2020,7,13,"amlo",4614
"515",2020,7,13,"tusa",4543
"516",2020,7,14,"covid",7561
"517",2020,7,14,"nicolasmaduro",5236
"518",2020,7,14,"sánchez",3867
"519",2020,7,14,"andy kusnetzoff",3587
"520",2020,7,14,"janogarcia",2834
"521",2020,7,15,"covid",7568
"522",2020,7,15,"nicolasmaduro",7553
"523",2020,7,15,"d’elía",5506
"524",2020,7,15,"""""luis delia""""",4304
"525",2020,7,15,"realdonaldtrump",3612
"526",2020,7,16,"covid",11365
"527",2020,7,16,"nicolasmaduro",5162
"528",2020,7,16,"benzema",3983
"529",2020,7,16,"sánchez",3397
"530",2020,7,16,"aroa lópez",3379
"531",2020,7,17,"fernanmarmol",13320
"532",2020,7,17,"aaleessaandraaa",11087
"533",2020,7,17,"covid",10820
"534",2020,7,17,"sergioramos",3992
"535",2020,7,17,"debbymmorales",3451
"536",2020,7,18,"debbymmorales",17187
"537",2020,7,18,"fernanmarmol",12835
"538",2020,7,18,"covid",7946
"539",2020,7,18,"aleesampedro",5173
"540",2020,7,18,"davidmtzt",4205
"541",2020,7,19,"covid",12192
"542",2020,7,19,"nicolasmaduro",8004
"543",2020,7,19,"fernando simón",6827
"544",2020,7,19,"miguelmoiina",5189
"545",2020,7,19,"nelsonbocaranda",4424
"546",2020,7,30,"covid",10530
"547",2020,7,30,"nicolasmaduro",4281
"548",2020,7,30,"lopezobrador",3627
"549",2020,7,30,"steven calabresi",3588
"550",2020,7,30,"gustavobolivar",3429
"551",2020,7,31,"covid",12867
"552",2020,7,31,"nicolasmaduro",9458
"553",2020,7,31,"steven calabresi",4359
"554",2020,7,31,"lopezobrador",3454
"555",2020,7,31,"axel kicillof",2738
"556",2020,8,11,"putin",26884
"557",2020,8,11,"vladimir putin",12348
"558",2020,8,11,"covid",10206
"559",2020,8,11,"lopezobrador",7471
"560",2020,8,11,"nicolasespb",6313
"561",2020,8,12,"covid",11622
"562",2020,8,12,"lucianodurrmul2",8363
"563",2020,8,12,"pontifex",8222
"564",2020,8,12,"putin",7525
"565",2020,8,12,"lopezobrador",5976
"566",2020,8,13,"covid",11545
"567",2020,8,13,"darío vivas",9653
"568",2020,8,13,"amlo",9144
"569",2020,8,13,"fransmendi",7282
"570",2020,8,13,"jorge rodríguez",7069
"571",2020,8,14,"covid",18096
"572",2020,8,14,"anabelle",13342
"573",2020,8,14,"darío vivas",9660
"574",2020,8,14,"alvarouribevel",9628
"575",2020,8,14,"nicolasmaduro",8545
"576",2020,8,15,"covid",15829
"577",2020,8,15,"nicolasmaduro",15622
"578",2020,8,15,"uribe",4213
"579",2020,8,15,"lenin",3991
"580",2020,8,15,"lopezobrador",3945
"581",2020,8,16,"covid",26775
"582",2020,8,16,"oscaarg23",11466
"583",2020,8,16,"nicolasmaduro",10820
"584",2020,8,16,"lopezobrador",5649
"585",2020,8,16,"claudialopez",4395
"586",2020,8,17,"nicolasmaduro",18071
"587",2020,8,17,"covid",14441
"588",2020,8,17,"davo537",6287
"589",2020,8,17,"lopezobrador",5747
"590",2020,8,17,"miguel bosé",4429
"591",2020,8,18,"dr_calleja",14540
"592",2020,8,18,"covid",11740
"593",2020,8,18,"nicolasmaduro",9127
"594",2020,8,18,"mjuarezgzz",4244
"595",2020,8,18,"enfrmrasaturada",3438
"596",2020,8,19,"alfonsomoschen",18668
"597",2020,8,19,"covid",10824
"598",2020,8,19,"nicolasmaduro",6693
"599",2020,8,19,"morenit74613455",4466
"600",2020,8,19,"erasmo bolivar",3933
"601",2020,8,20,"covid",11114
"602",2020,8,20,"blancasaurioo",9443
"603",2020,8,20,"eduardo feinmann",7339
"604",2020,8,20,"nicolasmaduro",5146
"605",2020,8,20,"fernando simón",5096
"606",2020,8,21,"nicolasmaduro",9437
"607",2020,8,21,"solange",8860
"608",2020,8,21,"covid",7176
"609",2020,8,21,"joseantonio",6010
"610",2020,8,21,"estefaniasoto90",4563
"611",2020,8,22,"nicolasmaduro",18257
"612",2020,8,22,"thomka",7998
"613",2020,8,22,"covid",7662
"614",2020,8,22,"sergiocayu",6571
"615",2020,8,22,"alexagomez2000",5549
"616",2020,8,23,"covid",14414
"617",2020,8,23,"macri",9923
"618",2020,8,23,"alberto fernández",8396
"619",2020,8,23,"nicolasmaduro",6803
"620",2020,8,23,"presidente",5220
"621",2020,8,25,"covid",10077
"622",2020,8,25,"sánchez",7573
"623",2020,8,25,"escotopaloma",5128
"624",2020,8,25,"erasmo bolívar",4496
"625",2020,8,25,"camicattaneoo",4341
"626",2020,8,26,"covid",11205
"627",2020,8,26,"sánchez",10653
"628",2020,8,26,"ferreirapatty10",10110
"629",2020,8,26,"messi",7914
"630",2020,8,26,"camicattaneoo",6723
"631",2020,8,27,"covid",17493
"632",2020,8,27,"maribelskies",10847
"633",2020,8,27,"dolores94844957",5421
"634",2020,8,27,"celaá",4446
"635",2020,8,27,"santi",4358
"636",2020,8,28,"covid",9647
"637",2020,8,28,"maribelskies",6091
"638",2020,8,28,"soyalbertosamid",5381
"639",2020,8,28,"goldfarb",5366
"640",2020,8,28,"baby etchecopar",4329
"641",2020,8,29,"covid",11219
"642",2020,8,29,"nataliahdzgn",10673
"643",2020,8,29,"nicolasmaduro",6594
"644",2020,8,29,"bachi",5211
"645",2020,8,29,"carlosloret",3632
"646",2020,8,30,"covid",8048
"647",2020,8,30,"nicolasmaduro",7243
"648",2020,8,30,"piñera",5446
"649",2020,8,30,"yunaaisy",4969
"650",2020,8,30,"mippcivzla",3690
"651",2020,9,1,"covid",15504
"652",2020,9,1,"guido",12887
"653",2020,9,1,"pedro cavadas",11106
"654",2020,9,1,"juanitagroisman",10166
"655",2020,9,1,"guido kaczka",5412
"656",2020,9,2,"covid",5972
"657",2020,9,2,"guido",2410
"658",2020,9,2,"guido kaczka",2383
"659",2020,9,2,"ayuso",2084
"660",2020,9,2,"diego86maradona",1515
"661",2020,9,5,"covid",10814
"662",2020,9,5,"nicolasmaduro",3651
"663",2020,9,5,"dcabellor",3376
"664",2020,9,5,"mippcivzla",2732
"665",2020,9,5,"alexagomez2000",2473
"666",2020,9,6,"covid",687
"667",2020,9,6,"joselito",627
"668",2020,9,6,"joseantoniokast",350
"669",2020,9,6,"nicolasmaduro",322
"670",2020,9,6,"dcabellor",311
"671",2020,9,7,"covid",2872
"672",2020,9,7,"nicolasmaduro",1799
"673",2020,9,7,"pablocano",1645
"674",2020,9,7,"chauoperetak",1276
"675",2020,9,7,"jiménez héctor federico",1014
"676",2020,9,9,"covid",723
"677",2020,9,9,"enriquekrauze",371
"678",2020,9,9,"nicolasmaduro",314
"679",2020,9,9,"flavio fridegotto",264
"680",2020,9,9,"presidente",249
"681",2020,9,10,"nicolasmaduro",8468
"682",2020,9,10,"covid",6490
"683",2020,9,10,"trump",5049
"684",2020,9,10,"mippcivzla",3545
"685",2020,9,10,"cirogomezl",1886
"686",2020,9,11,"nicolasmaduro",12990
"687",2020,9,11,"covid",9793
"688",2020,9,11,"mippcivzla",2822
"689",2020,9,11,"trump",2554
"690",2020,9,11,"maduro",2486
"691",2020,9,13,"covid",13873
"692",2020,9,13,"nicolasmaduro",11804
"693",2020,9,13,"agusdiazdsa",7462
"694",2020,9,13,"macri",5278
"695",2020,9,13,"alberto",5244
"696",2020,9,14,"nicolasmaduro",12739
"697",2020,9,14,"covid",11603
"698",2020,9,14,"macri",4441
"699",2020,9,14,"sánchez",4257
"700",2020,9,14,"evajuradodiaz",4103
"701",2020,9,15,"covid",13151
"702",2020,9,15,"evajuradodiaz",10837
"703",2020,9,15,"marcovillalba5",4471
"704",2020,9,15,"nicolasmaduro",4429
"705",2020,9,15,"santobarbera42",4326
"706",2020,9,16,"manuelbartual",17313
"707",2020,9,16,"covid",16877
"708",2020,9,16,"sánchez",8215
"709",2020,9,16,"santobarbera42",7238
"710",2020,9,16,"santi",6103
"711",2020,9,17,"covid",13990
"712",2020,9,17,"nicolasmaduro",6586
"713",2020,9,17,"mariaanillo7",5085
"714",2020,9,17,"ayuso",4842
"715",2020,9,17,"manupalmer",4317
"716",2020,9,18,"ayuso",9494
"717",2020,9,18,"covid",8666
"718",2020,9,18,"nicolasmaduro",7671
"719",2020,9,18,"fgmiiriiam",7093
"720",2020,9,18,"ivanjode",4907
"721",2020,9,19,"covid",8245
"722",2020,9,19,"zoeludmi",7032
"723",2020,9,19,"ayuso",5106
"724",2020,9,19,"nicolasmaduro",4628
"725",2020,9,19,"wadskieroriana",4010
"726",2020,9,20,"nicolasmaduro",12494
"727",2020,9,20,"frandiaz04",8440
"728",2020,9,20,"covid",8329
"729",2020,9,20,"wadskieroriana",4340
"730",2020,9,20,"ayuso",3652
"731",2020,9,21,"nicolasmaduro",13646
"732",2020,9,21,"ayuso",9290
"733",2020,9,21,"covid",8345
"734",2020,9,21,"manuelfurio",5992
"735",2020,9,21,"sánchez",4548
"736",2020,9,22,"covid",8768
"737",2020,9,22,"presidente de guinea",5579
"738",2020,9,22,"trump",5110
"739",2020,9,22,"ayuso",4907
"740",2020,9,22,"torra",4010
"741",2020,9,23,"brivillarok",6675
"742",2020,9,23,"covid",6268
"743",2020,9,23,"trump",4657
"744",2020,9,23,"nicolasmaduro",4066
"745",2020,9,23,"lautarogeneyro",2847
"746",2020,9,24,"nicolasmaduro",8670
"747",2020,9,24,"covid",8241
"748",2020,9,24,"zlatan",6401
"749",2020,9,24,"ariza",4076
"750",2020,9,24,"malena",4076
"751",2020,9,25,"covid",9997
"752",2020,9,25,"nicolasmaduro",4667
"753",2020,9,25,"lulaanconetani",4271
"754",2020,9,25,"ayuso",3553
"755",2020,9,25,"rey",3224
"756",2020,9,26,"covid",11413
"757",2020,9,26,"patobullrich",7980
"758",2020,9,26,"emilio bouza",5301
"759",2020,9,26,"damarisfany",5253
"760",2020,9,26,"ayuso",4283
"761",2020,9,27,"covid",13510
"762",2020,9,27,"covid19",7915
"763",2020,9,27,"nicolasmaduro",7243
"764",2020,9,27,"alicia_gadi",5638
"765",2020,9,27,"santi",4376
"766",2020,9,28,"nicolasmaduro",10527
"767",2020,9,28,"covid",10318
"768",2020,9,28,"idiazayuso",8284
"769",2020,9,28,"ayuso",5164
"770",2020,9,28,"mippcivzla",4080
"771",2020,9,29,"covid",10724
"772",2020,9,29,"nicolasmaduro",10143
"773",2020,9,29,"alejandrosanz",6105
"774",2020,9,29,"jesus",4500
"775",2020,9,29,"ayuso",3689
"776",2020,9,30,"trump",12101
"777",2020,9,30,"biden",9486
"778",2020,9,30,"covid",8264
"779",2020,9,30,"nicolasmaduro",7944
"780",2020,9,30,"ayuso",4290
"781",2020,10,1,"covid",7780
"782",2020,10,1,"ayuso",5230
"783",2020,10,1,"rubensancheztw",2225
"784",2020,10,1,"simón",2220
"785",2020,10,1,"amlo",2183
"786",2020,10,3,"trump",29726
"787",2020,10,3,"covid",7515
"788",2020,10,3,"donald trump",7205
"789",2020,10,3,"sánchez",4937
"790",2020,10,3,"realdonaldtrump",3955
"791",2020,10,4,"trump",19678
"792",2020,10,4,"covid",9184
"793",2020,10,4,"mohamed vi",6038
"794",2020,10,4,"ivanarriola17",5928
"795",2020,10,4,"donald trump",4978
"796",2020,10,5,"trump",16293
"797",2020,10,5,"pedro sánchez",11734
"798",2020,10,5,"covid",6954
"799",2020,10,5,"sánchez",5105
"800",2020,10,5,"nicolasmaduro",4920
"801",2020,10,6,"trump",24975
"802",2020,10,6,"covid",8336
"803",2020,10,6,"minacapellirena",6163
"804",2020,10,6,"donald trump",4273
"805",2020,10,6,"sánchez",2515
"806",2020,10,7,"trump",12231
"807",2020,10,7,"covid",9855
"808",2020,10,7,"mañalich",4949
"809",2020,10,7,"donald trump",3009
"810",2020,10,7,"manustinson1",2967
"811",2020,10,8,"trump",10721
"812",2020,10,8,"covid",6609
"813",2020,10,8,"ayuso",4000
"814",2020,10,8,"donald trump",3740
"815",2020,10,8,"sánchez",3059
"816",2020,10,9,"sánchez",7478
"817",2020,10,9,"trump",7305
"818",2020,10,9,"covid",6569
"819",2020,10,9,"abascal",6324
"820",2020,10,9,"santi",5777
"821",2020,10,11,"covid",8827
"822",2020,10,11,"trump",8064
"823",2020,10,11,"illa",6840
"824",2020,10,11,"nicolasmaduro",5586
"825",2020,10,11,"hugo arana",4231
"826",2020,10,12,"heyitsjanetha",8536
"827",2020,10,12,"nicolasmaduro",7678
"828",2020,10,12,"trump",7121
"829",2020,10,12,"covid",5942
"830",2020,10,12,"monsemarinph",4529
"831",2020,10,13,"cristiano ronaldo",19609
"832",2020,10,13,"covid",8446
"833",2020,10,13,"cristiano",7502
"834",2020,10,13,"trump",6999
"835",2020,10,13,"lillytellez",4472
"836",2020,10,14,"covid",9577
"837",2020,10,14,"bascuñán",7861
"838",2020,10,14,"lopezobrador",5977
"839",2020,10,14,"lillytellez",4913
"840",2020,10,14,"gatell",4704
"841",2020,10,15,"covid",10227
"842",2020,10,15,"lopezobrador",8495
"843",2020,10,15,"lillytellez",7727
"844",2020,10,15,"gatell",7487
"845",2020,10,15,"l",6961
"846",2020,10,16,"covid",18358
"847",2020,10,16,"julietalozan0",10632
"848",2020,10,16,"ayuso",4065
"849",2020,10,16,"nicolasmaduro",3770
"850",2020,10,16,"luciananoelia",3508
"851",2020,10,17,"covid",11728
"852",2020,10,17,"joshuape16",3874
"853",2020,10,17,"cristiano ronaldo",3609
"854",2020,10,17,"duarteviki",2690
"855",2020,10,17,"kerlssss",2574
"856",2020,10,18,"covid",10530
"857",2020,10,18,"nicolasmaduro",8686
"858",2020,10,18,"mippcivzla",4412
"859",2020,10,18,"enfrmrasaturada",4338
"860",2020,10,18,"kerlssss",4237
"861",2020,10,20,"covid",9722
"862",2020,10,20,"arturozunigaj",7687
"863",2020,10,20,"trump",4083
"864",2020,10,20,"nicolasmaduro",4026
"865",2020,10,20,"lopezobrador",3315
"866",2020,10,21,"candemoran123",9690
"867",2020,10,21,"covid",8490
"868",2020,10,21,"ibaillanos",2905
"869",2020,10,21,"trump",2890
"870",2020,10,21,"abascal",2590
"871",2020,10,22,"covid",13453
"872",2020,10,22,"candemoran123",7878
"873",2020,10,22,"yeidckol polevnsky",5897
"874",2020,10,22,"yeidckol",5638
"875",2020,10,22,"mario delgado",5304
"876",2020,10,23,"covid",11554
"877",2020,10,23,"trump",5236
"878",2020,10,23,"sánchez",4549
"879",2020,10,23,"ricardo anaya",3674
"880",2020,10,23,"biden",3254
"881",2020,10,25,"covid",10001
"882",2020,10,25,"nicolasmaduro",7690
"883",2020,10,25,"sánchez",5481
"884",2020,10,25,"dlacalle",5326
"885",2020,10,25,"lopezobrador",4504
"886",2020,10,26,"nicolasmaduro",16383
"887",2020,10,26,"covid",7480
"888",2020,10,26,"maduro",7019
"889",2020,10,26,"mippcivzla",2726
"890",2020,10,26,"trump",2329
"891",2020,10,27,"covid",8528
"892",2020,10,27,"nicolasmaduro",5575
"893",2020,10,27,"claudiashein",5302
"894",2020,10,27,"claudia sheinbaum",3312
"895",2020,10,27,"mippcivzla",3041
"896",2020,10,29,"zlatan",12175
"897",2020,10,29,"covid",10525
"898",2020,10,29,"nicolasmaduro",6022
"899",2020,10,29,"sánchez",3237
"900",2020,10,29,"mippcivzla",2736
"901",2020,10,30,"covid",7331
"902",2020,10,30,"cristiano ronaldo",3067
"903",2020,10,30,"nicolasmaduro",3038
"904",2020,10,30,"mippcivzla",2334
"905",2020,10,30,"cayetanaat",2310
"906",2020,11,1,"covid",7903
"907",2020,11,1,"nicolasmaduro",4561
"908",2020,11,1,"angelcarrillop",4431
"909",2020,11,1,"mario pereyra",4293
"910",2020,11,1,"mippcivzla",2995
"911",2020,11,2,"nicolasmaduro",11430
"912",2020,11,2,"covid",7670
"913",2020,11,2,"iglesias",4325
"914",2020,11,2,"enzoarrieta2013",4068
"915",2020,11,2,"trump",3137
"916",2020,11,3,"covid",8896
"917",2020,11,3,"blanca",8671
"918",2020,11,3,"nicolasmaduro",5968
"919",2020,11,3,"trump",4389
"920",2020,11,3,"dr franklin camacaro",2964
"921",2020,11,4,"trump",8428
"922",2020,11,4,"covid",8341
"923",2020,11,4,"mippcivzla",6471
"924",2020,11,4,"p",4245
"925",2020,11,4,"larrosa",4237
"926",2020,11,6,"covid",9058
"927",2020,11,6,"trump",7336
"928",2020,11,6,"biden",3354
"929",2020,11,6,"mippcivzla",2626
"930",2020,11,6,"alberto fernández",1531
"931",2020,11,7,"covid",8086
"932",2020,11,7,"trump",6925
"933",2020,11,7,"biden",5756
"934",2020,11,7,"hazard",4909
"935",2020,11,7,"casemiro",4354
"936",2020,11,8,"covid",7900
"937",2020,11,8,"nicolasmaduro",6360
"938",2020,11,8,"biden",6163
"939",2020,11,8,"trump",5124
"940",2020,11,8,"presidente",1871
"941",2020,11,9,"nyscalo",16989
"942",2020,11,9,"nicolasmaduro",6158
"943",2020,11,9,"ibaillanos",5855
"944",2020,11,9,"covid",4973
"945",2020,11,9,"biden",4352
"946",2020,11,10,"nyscalo",15817
"947",2020,11,10,"covid",8319
"948",2020,11,10,"nicolasmaduro",3185
"949",2020,11,10,"trump",2998
"950",2020,11,10,"biden",2476
"951",2020,11,11,"bolsonaro",7877
"952",2020,11,11,"nicolasmaduro",7253
"953",2020,11,11,"covid",6871
"954",2020,11,11,"doctormacias",3577
"955",2020,11,11,"danu",2126
"956",2020,11,12,"ivanarriola17",9695
"957",2020,11,12,"covid",7907
"958",2020,11,12,"gustavo beliz",2947
"959",2020,11,12,"mippcivzla",2427
"960",2020,11,12,"nicolasmaduro",2130
"961",2020,11,13,"ivanarriola17",12314
"962",2020,11,13,"covid",6165
"963",2020,11,13,"ibaillanos",5475
"964",2020,11,13,"trump",2436
"965",2020,11,13,"daninovarama",2061
"966",2020,11,14,"covid",6850
"967",2020,11,14,"fernando simón",5974
"968",2020,11,14,"natashairoman",2948
"969",2020,11,14,"trump",2800
"970",2020,11,14,"ibaillanos",2520
"971",2020,11,16,"covid",6765
"972",2020,11,16,"achupagliari",4823
"973",2020,11,16,"nicolasmaduro",3824
"974",2020,11,16,"luis suárez",3578
"975",2020,11,16,"gustavo madero",2716
"976",2020,11,18,"covid",9040
"977",2020,11,18,"sandoval",4783
"978",2020,11,18,"queiroz",4584
"979",2020,11,18,"gustavobolivar",4474
"980",2020,11,18,"irma",4069
"981",2020,11,19,"covid",7285
"982",2020,11,19,"gimena4",5058
"983",2020,11,19,"andrea",3475
"984",2020,11,19,"itziarcookie",3231
"985",2020,11,19,"mippcivzla",2099
"986",2020,11,20,"covid",12582
"987",2020,11,20,"lopezobrador",5483
"988",2020,11,20,"tatorobles",4728
"989",2020,11,20,"amlo",4080
"990",2020,11,20,"lópez",1881
"991",2020,11,21,"covid",9389
"992",2020,11,21,"lopezobrador",3893
"993",2020,11,21,"gatell",2782
"994",2020,11,21,"amlo",2241
"995",2020,11,21,"damarisfany",2011
"996",2020,11,22,"nicolasmaduro",10480
"997",2020,11,22,"ivan196302",7184
"998",2020,11,22,"covid",6884
"999",2020,11,22,"mippcivzla",5550
"1000",2020,11,22,"lopezobrador",2718
"1001",2020,11,23,"nicolasmaduro",10427
"1002",2020,11,23,"elena cañizares",8924
"1003",2020,11,23,"covid",8132
"1004",2020,11,23,"lopezobrador",4339
"1005",2020,11,23,"elenacanizares",3705
"1006",2020,11,24,"covid",8645
"1007",2020,11,24,"lopezobrador",7819
"1008",2020,11,24,"nicolasmaduro",5324
"1009",2020,11,24,"tamicabrera123",3439
"1010",2020,11,24,"lenin",2714
"1011",2020,11,25,"covid",10102
"1012",2020,11,25,"lopezobrador",6337
"1013",2020,11,25,"maradona",5739
"1014",2020,11,25,"javier sosa briganti",3246
"1015",2020,11,25,"nicolasmaduro",3207
"1016",2020,11,26,"maradona",15490
"1017",2020,11,26,"covid",11733
"1018",2020,11,26,"dr mireles",6566
"1019",2020,11,26,"drjmmireles",6301
"1020",2020,11,26,"mippcivzla",3722
"1021",2020,11,28,"covid",7901
"1022",2020,11,28,"mippcivzla",3129
"1023",2020,11,28,"marceloadrian07",2062
"1024",2020,11,28,"lopezobrador",1849
"1025",2020,11,28,"claudiashein",1761
"1026",2020,11,29,"covid",7310
"1027",2020,11,29,"mippcivzla",6585
"1028",2020,11,29,"nicolasmaduro",6436
"1029",2020,11,29,"cristinaalmeida",5864
"1030",2020,11,29,"alvisepf",5855
"1031",2020,11,30,"nicolasmaduro",11240
"1032",2020,11,30,"covid",5683
"1033",2020,11,30,"mippcivzla",4885
"1034",2020,11,30,"claudialopez",3865
"1035",2020,11,30,"carlosloret",3175
"1036",2020,12,1,"covid",7654
"1037",2020,12,1,"lopezobrador",4215
"1038",2020,12,1,"javiarysmarleth",3794
"1039",2020,12,1,"lewis hamilton",3205
"1040",2020,12,1,"amlo",3160
"1041",2020,12,2,"covid",3806
"1042",2020,12,2,"lopezobrador",2752
"1043",2020,12,2,"javiarysmarleth",2365
"1044",2020,12,2,"aquino",2316
"1045",2020,12,2,"ere",2309
"1046",2020,12,3,"nicolasmaduro",4755
"1047",2020,12,3,"covid",3179
"1048",2020,12,3,"almeida",2265
"1049",2020,12,3,"mippcivzla",2213
"1050",2020,12,3,"jesús",2092
"1051",2020,12,4,"nicolasmaduro",10365
"1052",2020,12,4,"covid",5871
"1053",2020,12,4,"mippcivzla",5365
"1054",2020,12,4,"amlo",2760
"1055",2020,12,4,"diazcanelb",2080
"1056",2020,12,5,"covid",7508
"1057",2020,12,5,"mashirafael",3526
"1058",2020,12,5,"nicolasmaduro",3328
"1059",2020,12,5,"mippcivzla",3314
"1060",2020,12,5,"drgarciajimenez",2899
"1061",2020,12,6,"covid",5309
"1062",2020,12,6,"mippcivzla",2840
"1063",2020,12,6,"piñera",2563
"1064",2020,12,6,"migangnoguera",1850
"1065",2020,12,6,"anabelensantosm",1677
"1066",2020,12,7,"covid",5389
"1067",2020,12,7,"josé brito",2605
"1068",2020,12,7,"mippcivzla",2534
"1069",2020,12,7,"aleqsmorales",2492
"1070",2020,12,7,"corona",1916
"1071",2020,12,8,"margaret keenan",8252
"1072",2020,12,8,"covid",6125
"1073",2020,12,8,"mippcivzla",3202
"1074",2020,12,8,"nicolasmaduro",2786
"1075",2020,12,8,"lopezobrador",2583
"1076",2020,12,9,"sergioserra25",13771
"1077",2020,12,9,"covid",7364
"1078",2020,12,9,"alejo",6581
"1079",2020,12,9,"mippcivzla",5942
"1080",2020,12,9,"katiepavlich",3379
"1081",2020,12,10,"covid",7942
"1082",2020,12,10,"marthalserrano",3783
"1083",2020,12,10,"mippcivzla",3287
"1084",2020,12,10,"mariano rodríguez",3148
"1085",2020,12,10,"sánchez",2446
"1086",2020,12,11,"covid",11307
"1087",2020,12,11,"claudiashein",2479
"1088",2020,12,11,"santi",2441
"1089",2020,12,11,"lopezobrador",2319
"1090",2020,12,11,"enriquealfaror",2186
"1091",2020,12,12,"covid",11912
"1092",2020,12,12,"mippcivzla",4702
"1093",2020,12,12,"claudiashein",4255
"1094",2020,12,12,"nicolasmaduro",4159
"1095",2020,12,12,"maduro",2586
"1096",2020,12,13,"nicolasmaduro",11313
"1097",2020,12,13,"covid",8048
"1098",2020,12,13,"mippcivzla",6427
"1099",2020,12,13,"claudiashein",2455
"1100",2020,12,13,"brozo",2433
"1101",2020,12,14,"nicolasmaduro",27342
"1102",2020,12,14,"covid",9197
"1103",2020,12,14,"mippcivzla",4890
"1104",2020,12,14,"maduro",4531
"1105",2020,12,14,"presidente",3909
"1106",2020,12,15,"nicolasmaduro",9296
"1107",2020,12,15,"covid",9017
"1108",2020,12,15,"lanarhos5",8899
"1109",2020,12,15,"imsmeeseeks",5654
"1110",2020,12,15,"mippcivzla",4081
"1111",2020,12,16,"covid",9668
"1112",2020,12,16,"imsmeeseeks",6959
"1113",2020,12,16,"mippcivzla",4303
"1114",2020,12,16,"nicolasmaduro",2814
"1115",2020,12,16,"tom cruise",2379
"1116",2020,12,17,"covid",12552
"1117",2020,12,17,"emmanuel macron",6218
"1118",2020,12,17,"pedro sánchez",5643
"1119",2020,12,17,"macron",5464
"1120",2020,12,17,"nicolasmaduro",4905
"1121",2020,12,18,"covid",10567
"1122",2020,12,18,"armando manzanero",5596
"1123",2020,12,18,"christiandiabb",3893
"1124",2020,12,18,"emmanuel macron",3744
"1125",2020,12,18,"cirogomezl",3172
"1126",2020,12,19,"covid",8285
"1127",2020,12,19,"ivanduque",4449
"1128",2020,12,19,"boris johnson",3901
"1129",2020,12,19,"damarisfany",2878
"1130",2020,12,19,"mippcivzla",2625
"1131",2020,12,20,"nicolasmaduro",13402
"1132",2020,12,20,"juliamengo",7266
"1133",2020,12,20,"covid",7140
"1134",2020,12,20,"ibaillanos",5801
"1135",2020,12,20,"mippcivzla",4412
"1136",2020,12,21,"nicolasmaduro",14103
"1137",2020,12,21,"scotch",9038
"1138",2020,12,21,"covid",7945
"1139",2020,12,21,"mippcivzla",6837
"1140",2020,12,21,"lenin",4444
"1141",2020,12,22,"covid",8396
"1142",2020,12,22,"mippcivzla",7333
"1143",2020,12,22,"nicolasmaduro",5211
"1144",2020,12,22,"carlosloret",4844
"1145",2020,12,22,"lopezobrador",3644
"1146",2020,12,23,"mrmontanio",10843
"1147",2020,12,23,"covid",10717
"1148",2020,12,23,"valevalo25",7305
"1149",2020,12,23,"satanmecuida",7302
"1150",2020,12,23,"nicolasmaduro",7200
"1151",2020,12,24,"covid",8563
"1152",2020,12,24,"laleegimenez",5713
"1153",2020,12,24,"maría irene ramírez",5299
"1154",2020,12,24,"claudiashein",3823
"1155",2020,12,24,"mippcivzla",3644
"1156",2020,12,25,"covid",7611
"1157",2020,12,25,"jopucabrera",4815
"1158",2020,12,25,"merarigb08",4765
"1159",2020,12,25,"sanchezmorenom",1974
"1160",2020,12,25,"felipe_ramiirez",1917
"1161",2020,12,26,"jopucabrera",11925
"1162",2020,12,26,"covid",7893
"1163",2020,12,26,"mractimel",2514
"1164",2020,12,26,"felipe_ramiirez",2298
"1165",2020,12,26,"sánchez",2180
"1166",2020,12,27,"araceli",20761
"1167",2020,12,27,"alvaradoc",14238
"1168",2020,12,27,"nicolasmaduro",10526
"1169",2020,12,27,"mippcivzla",9540
"1170",2020,12,27,"covid",8843
"1171",2020,12,28,"armando manzanero",24832
"1172",2020,12,28,"nicolasmaduro",14404
"1173",2020,12,28,"covid",14112
"1174",2020,12,28,"alvaradoc",9427
"1175",2020,12,28,"mippcivzla",7807
"1176",2020,12,29,"nicolasmaduro",11575
"1177",2020,12,29,"covid",11459
"1178",2020,12,29,"mippcivzla",8021
"1179",2020,12,29,"armando manzanero",5603
"1180",2020,12,29,"brunozor",3107
"1181",2020,12,30,"nicolasmaduro",16562
"1182",2020,12,30,"covid",11234
"1183",2020,12,30,"mippcivzla",9279
"1184",2020,12,30,"lucasvivot",7305
"1185",2020,12,30,"manuelhuedo",6708
"1186",2021,1,1,"covid",9268
"1187",2021,1,1,"nacho cano",8956
"1188",2021,1,1,"mippcivzla",5176
"1189",2021,1,1,"nicolasmaduro",4834
"1190",2021,1,1,"dra",4759
"1191",2021,1,2,"nicolasmaduro",10477
"1192",2021,1,2,"covid",8224
"1193",2021,1,2,"mippcivzla",4926
"1194",2021,1,2,"nacho cano",4260
"1195",2021,1,2,"nuriaschmidt",4058
"1196",2021,1,3,"covid",8202
"1197",2021,1,3,"nicolasmaduro",5400
"1198",2021,1,3,"juaanpm",5193
"1199",2021,1,3,"mippcivzla",4657
"1200",2021,1,3,"dggonzalez2015",3971
"1201",2021,1,4,"nicolasmaduro",24596
"1202",2021,1,4,"covid",13978
"1203",2021,1,4,"mippcivzla",9160
"1204",2021,1,4,"maduro",7804
"1205",2021,1,4,"alberto",7579
"1206",2021,1,5,"covid",13183
"1207",2021,1,5,"drromainbrunel",7338
"1208",2021,1,5,"nicolasmaduro",7147
"1209",2021,1,5,"wuhan",6870
"1210",2021,1,5,"vosotros",6331
"1211",2021,1,6,"drromainbrunel",15668
"1212",2021,1,6,"covid",11290
"1213",2021,1,6,"alvaradocrist",7246
"1214",2021,1,6,"lopezdoriga",4965
"1215",2021,1,6,"anndesola",4742
"1216",2021,1,7,"covid",10338
"1217",2021,1,7,"trump",6499
"1218",2021,1,7,"claudia lópez",5617
"1219",2021,1,7,"claudialopez",4680
"1220",2021,1,7,"marcvs",4614
"1221",2021,1,8,"covid",12548
"1222",2021,1,8,"gualberto ibarreto",7567
"1223",2021,1,8,"amlo",6969
"1224",2021,1,8,"claudialopez",5166
"1225",2021,1,8,"mippcivzla",5000
"1226",2021,1,9,"covid",21933
"1227",2021,1,9,"mippcivzla",7907
"1228",2021,1,9,"gualberto ibarreto",5434
"1229",2021,1,9,"marianaaideee",3836
"1230",2021,1,9,"amlo",3529
"1231",2021,1,10,"nicolasmaduro",22143
"1232",2021,1,10,"covid",15844
"1233",2021,1,10,"mippcivzla",8918
"1234",2021,1,10,"reina isabel ii",6581
"1235",2021,1,10,"abriltheduchess",6136
"1236",2021,1,11,"nicolasmaduro",38923
"1237",2021,1,11,"covid",14701
"1238",2021,1,11,"mippcivzla",12687
"1239",2021,1,11,"presidente",4854
"1240",2021,1,11,"fernando simón",4691
"1241",2021,1,12,"nicolasmaduro",14441
"1242",2021,1,12,"covid",12940
"1243",2021,1,12,"mippcivzla",10367
"1244",2021,1,12,"bill gates",3990
"1245",2021,1,12,"dredgarbarragan",3950
"1246",2021,1,13,"nicolasmaduro",16992
"1247",2021,1,13,"covid",13787
"1248",2021,1,13,"mippcivzla",4725
"1249",2021,1,13,"evo morales",3993
"1250",2021,1,13,"carlosloret",3883
"1251",2021,1,14,"covid",10813
"1252",2021,1,14,"nicolasmaduro",10078
"1253",2021,1,14,"mippcivzla",9436
"1254",2021,1,14,"monicaamilla",4553
"1255",2021,1,14,"jefe de estado",4394
"1256",2021,1,15,"covid",10148
"1257",2021,1,15,"nicolasmaduro",4530
"1258",2021,1,15,"mippcivzla",3761
"1259",2021,1,15,"claudia lópez",3326
"1260",2021,1,15,"carlosloret",2639
"1261",2021,1,16,"carmen_banos",13569
"1262",2021,1,16,"covid",12557
"1263",2021,1,16,"nicolasmaduro",6007
"1264",2021,1,16,"meeryfuentess",5718
"1265",2021,1,16,"cirogomezl",3937
"1266",2021,1,17,"nicolasmaduro",15971
"1267",2021,1,17,"covid",11938
"1268",2021,1,17,"lopezdoriga",7298
"1269",2021,1,17,"lopezobrador",7148
"1270",2021,1,17,"mippcivzla",4885
"1271",2021,1,18,"nicolasmaduro",36911
"1272",2021,1,18,"mippcivzla",11659
"1273",2021,1,18,"covid",11593
"1274",2021,1,18,"alvaradoc",6328
"1275",2021,1,18,"carlosloret",5953
"1276",2021,1,19,"covid",12855
"1277",2021,1,19,"flintstone",11836
"1278",2021,1,19,"nicolasmaduro",8928
"1279",2021,1,19,"mippcivzla",4708
"1280",2021,1,19,"lopezobrador",4701
"1281",2021,1,20,"covid",12743
"1282",2021,1,20,"nicolasmaduro",10074
"1283",2021,1,20,"mippcivzla",7861
"1284",2021,1,20,"trump",6283
"1285",2021,1,20,"flintstone",4242
"1286",2021,1,21,"covid",12643
"1287",2021,1,21,"sofisoloneski",8264
"1288",2021,1,21,"biden",8087
"1289",2021,1,21,"olgaaguirre",7551
"1290",2021,1,21,"alferdez",5234
"1291",2021,1,22,"covid",54879
"1292",2021,1,22,"julia",9704
"1293",2021,1,22,"sofisoloneski",9409
"1294",2021,1,22,"biden",7867
"1295",2021,1,22,"amlo",6768
"1296",2021,1,23,"covid",29794
"1297",2021,1,23,"biden",18023
"1298",2021,1,23,"lopezobrador",11604
"1299",2021,1,23,"larry king",8732
"1300",2021,1,23,"mippcivzla",6273
"1301",2021,1,24,"nicolasmaduro",27411
"1302",2021,1,24,"covid",18796
"1303",2021,1,24,"mippcivzla",6868
"1304",2021,1,24,"juan guaidó",5333
"1305",2021,1,24,"carorammirez",5062
"1306",2021,1,26,"covid",31577
"1307",2021,1,26,"carlos holmes trujillo",23050
"1308",2021,1,26,"nicolasmaduro",16531
"1309",2021,1,26,"amlo",16496
"1310",2021,1,26,"lopezobrador",12756
"1311",2021,1,27,"nicolasmaduro",20522
"1312",2021,1,27,"covid",17312
"1313",2021,1,27,"lopezobrador",6560
"1314",2021,1,27,"mippcivzla",6501
"1315",2021,1,27,"duque",5552
"1316",2021,1,28,"covid",13284
"1317",2021,1,28,"fonsiloaiza",7682
"1318",2021,1,28,"nicolasmaduro",7674
"1319",2021,1,28,"amlo",6419
"1320",2021,1,28,"mippcivzla",5723
"1321",2021,1,29,"covid",12662
"1322",2021,1,29,"nicolasmaduro",9003
"1323",2021,1,29,"lopezobrador",7344
"1324",2021,1,29,"amlo",6265
"1325",2021,1,29,"jlmart81",5716
"1326",2021,1,30,"covid",17393
"1327",2021,1,30,"lopezobrador",16439
"1328",2021,1,30,"amlo",8687
"1329",2021,1,30,"drpacomoreno1",5800
"1330",2021,1,30,"ivanduque",5641
"1331",2021,1,31,"nicolasmaduro",37508
"1332",2021,1,31,"covid",14133
"1333",2021,1,31,"mippcivzla",13337
"1334",2021,1,31,"amlo",5675
"1335",2021,1,31,"vilma",5398
"1336",2021,2,1,"nicolasmaduro",37935
"1337",2021,2,1,"covid",10642
"1338",2021,2,1,"mippcivzla",10349
"1339",2021,2,1,"amlo",4490
"1340",2021,2,1,"maduro",4383
"1341",2021,2,2,"covid",13368
"1342",2021,2,2,"nicolasmaduro",13053
"1343",2021,2,2,"florentino pérez",10536
"1344",2021,2,2,"mippcivzla",7309
"1345",2021,2,2,"ferreras",4132
"1346",2021,2,3,"nicolasmaduro",16002
"1347",2021,2,3,"aquilescordova",13455
"1348",2021,2,3,"covid",12006
"1349",2021,2,3,"lillytellez",6533
"1350",2021,2,3,"mippcivzla",5444
"1351",2021,2,4,"covid",10698
"1352",2021,2,4,"mippcivzla",8644
"1353",2021,2,4,"nicolasmaduro",7758
"1354",2021,2,4,"aquilescordova",4720
"1355",2021,2,4,"lopezobrador",2575
"1356",2021,2,5,"lopezobrador",14308
"1357",2021,2,5,"covid",14110
"1358",2021,2,5,"amlo",10158
"1359",2021,2,5,"nicolasmaduro",6214
"1360",2021,2,5,"mippcivzla",5857
"1361",2021,2,6,"covid",6084
"1362",2021,2,6,"enriqueegaarcia",5179
"1363",2021,2,6,"lopezobrador",4054
"1364",2021,2,6,"drpacomoreno1",2534
"1365",2021,2,6,"jordi sánchez",2502
"1366",2021,2,7,"nicolasmaduro",18378
"1367",2021,2,7,"covid",9959
"1368",2021,2,7,"ibaillanos",6017
"1369",2021,2,7,"presidente",3922
"1370",2021,2,7,"paulissxx",3911
"1371",2021,2,8,"nicolasmaduro",29783
"1372",2021,2,8,"covid",18643
"1373",2021,2,8,"lopezobrador",12724
"1374",2021,2,8,"ricardo silva",10146
"1375",2021,2,8,"presidente",7599
"1376",2021,2,9,"covid",13889
"1377",2021,2,9,"nicolasmaduro",10985
"1378",2021,2,9,"lopezobrador",9736
"1379",2021,2,9,"amlo",7140
"1380",2021,2,9,"mippcivzla",5063
"1381",2021,2,10,"ibaillanos",16225
"1382",2021,2,10,"paulagonzza",11573
"1383",2021,2,10,"covid",11335
"1384",2021,2,10,"mippcivzla",8744
"1385",2021,2,10,"nicolasmaduro",8303
"1386",2021,2,11,"covid",10085
"1387",2021,2,11,"salvador illa",7278
"1388",2021,2,11,"jaimehuenchu",6184
"1389",2021,2,11,"ranoeldelbar",5048
"1390",2021,2,11,"mippcivzla",4560
"1391",2021,2,13,"covid",10475
"1392",2021,2,13,"nicolasmaduro",7613
"1393",2021,2,13,"antonvazquezz",6249
"1394",2021,2,13,"rodríguez galindo",3430
"1395",2021,2,13,"lopezobrador",3262
"1396",2021,2,14,"nicolasmaduro",10520
"1397",2021,2,14,"covid",10171
"1398",2021,2,14,"mippcivzla",8189
"1399",2021,2,14,"lopezobrador",6400
"1400",2021,2,14,"antonvazquezz",5231
"1401",2021,2,15,"covid",7997
"1402",2021,2,15,"mippcivzla",5517
"1403",2021,2,15,"nicolasmaduro",5234
"1404",2021,2,15,"ibaillanos",4555
"1405",2021,2,15,"duque",3767
"1406",2021,2,16,"santiagorichar",21825
"1407",2021,2,16,"covid",13147
"1408",2021,2,16,"anamilan",10952
"1409",2021,2,16,"pablo hasel",7538
"1410",2021,2,16,"nicolasmaduro",6091
"1411",2021,2,17,"covid",12722
"1412",2021,2,17,"nicolasmaduro",9782
"1413",2021,2,17,"cesar",6731
"1414",2021,2,17,"cabo",6703
"1415",2021,2,17,"presidente",4302
"1416",2021,2,18,"covid",12205
"1417",2021,2,18,"nicolasmaduro",11440
"1418",2021,2,18,"mippcivzla",9088
"1419",2021,2,18,"gabrielasjr",5118
"1420",2021,2,18,"lenin",5102
"1421",2021,2,19,"covid",8393
"1422",2021,2,19,"nicolasmaduro",4702
"1423",2021,2,19,"lenin",4155
"1424",2021,2,19,"mippcivzla",3639
"1425",2021,2,19,"alfredodelmazo",2509
"1426",2021,2,20,"covid",11690
"1427",2021,2,20,"ibaillanos",7564
"1428",2021,2,20,"hugo lópez-gatell",6048
"1429",2021,2,20,"gatell",5644
"1430",2021,2,20,"mariianaavarro",3468
"1431",2021,2,21,"covid",12332
"1432",2021,2,21,"ronaldinho",7084
"1433",2021,2,21,"mippcivzla",5469
"1434",2021,2,21,"gatell",5395
"1435",2021,2,21,"nicolasmaduro",3962
"1436",2021,2,22,"nicolasmaduro",15024
"1437",2021,2,22,"covid",7355
"1438",2021,2,22,"mauriciomacri",7235
"1439",2021,2,22,"villarejo",7208
"1440",2021,2,22,"mippcivzla",6522
"1441",2021,2,23,"nicolasmaduro",7962
"1442",2021,2,23,"covid",7772
"1443",2021,2,23,"mippcivzla",4326
"1444",2021,2,23,"alfredodelmazo",3385
"1445",2021,2,23,"claudialopez",2951
"1446",2021,2,24,"covid",10875
"1447",2021,2,24,"nicolasmaduro",10720
"1448",2021,2,24,"mippcivzla",4150
"1449",2021,2,24,"raulfiguersa",3628
"1450",2021,2,24,"carlavizzotti",2419
"1451",2021,2,25,"covid",827
"1452",2021,2,25,"massa",436
"1453",2021,2,25,"diego oquendo",414
"1454",2021,2,25,"rodrigo paz",409
"1455",2021,2,25,"alfredodelmazo",395
"1456",2021,2,26,"covid",7056
"1457",2021,2,26,"carla vizzotti",2621
"1458",2021,2,26,"santiago cafiero",1691
"1459",2021,2,26,"mippcivzla",1666
"1460",2021,2,26,"carlavizzotti",1503
"1461",2021,2,27,"josé manuel cortizas",10936
"1462",2021,2,27,"hiroshi nohara",10579
"1463",2021,2,27,"shin chan",10405
"1464",2021,2,27,"agustinlautaaro",4283
"1465",2021,2,27,"covid",3821
"1466",2021,3,1,"covid",10804
"1467",2021,3,1,"nicolasmaduro",8216
"1468",2021,3,1,"camilarz",5785
"1469",2021,3,1,"mippcivzla",3636
"1470",2021,3,1,"biden",3634
"1471",2021,3,2,"covid",24068
"1472",2021,3,2,"nicolasmaduro",12597
"1473",2021,3,2,"thebarbabundo",7346
"1474",2021,3,2,"mippcivzla",7062
"1475",2021,3,2,"malenamarrtinez",5962
"1476",2021,3,3,"vickydobra",18741
"1477",2021,3,3,"covid",16812
"1478",2021,3,3,"nicolasmaduro",7062
"1479",2021,3,3,"luuciiagenizz",5196
"1480",2021,3,3,"cristina",3602
"1481",2021,3,4,"nicolasmaduro",30418
"1482",2021,3,4,"covid",10394
"1483",2021,3,4,"presidente",7750
"1484",2021,3,4,"mippcivzla",6809
"1485",2021,3,4,"gabrielasjr",4985
"1486",2021,3,5,"covid",8772
"1487",2021,3,5,"coronavirus",8671
"1488",2021,3,5,"plata",8586
"1489",2021,3,5,"larrosaanapaula",8585
"1490",2021,3,5,"nicolasmaduro",7434
"1491",2021,3,6,"covid",8635
"1492",2021,3,6,"nicolasmaduro",7698
"1493",2021,3,6,"anamvillanueva",4428
"1494",2021,3,6,"pablxrtigosaa",4343
"1495",2021,3,6,"maduro",3236
"1496",2021,3,7,"nicolasmaduro",15511
"1497",2021,3,7,"maduro",10033
"1498",2021,3,7,"covid",9027
"1499",2021,3,7,"mippcivzla",5751
"1500",2021,3,7,"presidente",4676
"1501",2021,3,8,"nicolasmaduro",14344
"1502",2021,3,8,"maduro",7404
"1503",2021,3,8,"covid",6839
"1504",2021,3,8,"mippcivzla",3777
"1505",2021,3,8,"meghan markle",3198
"1506",2021,3,9,"covid",6571
"1507",2021,3,9,"ortega smith",6115
"1508",2021,3,9,"jbmontero",5757
"1509",2021,3,9,"grierboludo",4296
"1510",2021,3,9,"nicolasmaduro",3797
"1511",2021,3,10,"covid",7541
"1512",2021,3,10,"grierboludo",3988
"1513",2021,3,10,"avrilhermoza1",3406
"1514",2021,3,10,"nicolasmaduro",2968
"1515",2021,3,10,"facundo moyano",2829
"1516",2021,3,11,"covid",13046
"1517",2021,3,11,"hlgatell",9349
"1518",2021,3,11,"carlosloret",8651
"1519",2021,3,11,"avrilhermoza1",8106
"1520",2021,3,11,"lópez-gatell",5948
"1521",2021,3,12,"covid",8214
"1522",2021,3,12,"dr @hlgatell",5270
"1523",2021,3,12,"nicolasmaduro",5201
"1524",2021,3,12,"cirogomezl",4711
"1525",2021,3,12,"kiaraaceredo",2812
"1526",2021,3,13,"covid",9073
"1527",2021,3,13,"nicolasmaduro",7304
"1528",2021,3,13,"lenin",2955
"1529",2021,3,13,"kiaraaceredo",2660
"1530",2021,3,13,"mippcivzla",2508
"1531",2021,3,14,"covid",13102
"1532",2021,3,14,"nicolasmaduro",10426
"1533",2021,3,14,"dieguitomarches",4480
"1534",2021,3,14,"robertlobo",3921
"1535",2021,3,14,"sax",3682
"1536",2021,3,15,"nicolasmaduro",20173
"1537",2021,3,15,"covid",11807
"1538",2021,3,15,"mippcivzla",10403
"1539",2021,3,15,"gabrielasjr",6377
"1540",2021,3,15,"mincyt",5707
"1541",2021,3,16,"nicolasmaduro",18274
"1542",2021,3,16,"mippcivzla",13052
"1543",2021,3,16,"covid",10048
"1544",2021,3,16,"gabrielasjr",7494
"1545",2021,3,16,"mincyt",5907
"1546",2021,3,17,"mippcivzla",13061
"1547",2021,3,17,"nicolasmaduro",11023
"1548",2021,3,17,"gabrielasjr",8821
"1549",2021,3,17,"covid",7611
"1550",2021,3,17,"mincyt",7465
"1551",2021,3,18,"covid",10460
"1552",2021,3,18,"mippcivzla",8610
"1553",2021,3,18,"nicolasmaduro",7916
"1554",2021,3,18,"drchavezdiaz",4147
"1555",2021,3,18,"juan carlos",3624
"1556",2021,3,19,"difrancescasof1",13933
"1557",2021,3,19,"mippcivzla",11755
"1558",2021,3,19,"carlosloret",10365
"1559",2021,3,19,"covid",9275
"1560",2021,3,19,"nicolasmaduro",6619
"1561",2021,3,20,"mippcivzla",14037
"1562",2021,3,20,"covid",10777
"1563",2021,3,20,"nicolasmaduro",8479
"1564",2021,3,20,"idiazayuso",3576
"1565",2021,3,20,"vilma",3548
"1566",2021,3,21,"nicolasmaduro",30401
"1567",2021,3,21,"mippcivzla",17937
"1568",2021,3,21,"covid",8691
"1569",2021,3,21,"luchaalmada",7559
"1570",2021,3,21,"mincyt",7043
"1571",2021,3,22,"nicolasmaduro",48454
"1572",2021,3,22,"mippcivzla",23595
"1573",2021,3,22,"covid",7803
"1574",2021,3,22,"maduro",5932
"1575",2021,3,22,"morena",3699
"1576",2021,3,23,"nicolasmaduro",32793
"1577",2021,3,23,"mippcivzla",24467
"1578",2021,3,23,"covid",22667
"1579",2021,3,23,"lucasvilla",12269
"1580",2021,3,23,"petrogustavo",10727
"1581",2021,3,24,"nicolasmaduro",20562
"1582",2021,3,24,"mippcivzla",19950
"1583",2021,3,24,"covid",15726
"1584",2021,3,24,"vilma",6988
"1585",2021,3,24,"soledad bravo",6105
"1586",2021,3,25,"nicolasmaduro",22112
"1587",2021,3,25,"mippcivzla",16706
"1588",2021,3,25,"covid",13611
"1589",2021,3,25,"alicia53532006",7219
"1590",2021,3,25,"camimonzon1607",6610
"1591",2021,3,26,"nicolasmaduro",25839
"1592",2021,3,26,"mippcivzla",24656
"1593",2021,3,26,"covid",13683
"1594",2021,3,26,"vilma",9106
"1595",2021,3,26,"lillytellez",6444
"1596",2021,3,27,"mippcivzla",21752
"1597",2021,3,27,"nicolasmaduro",17971
"1598",2021,3,27,"alfredodelmazo",16993
"1599",2021,3,27,"covid",10999
"1600",2021,3,27,"lara",10447
"1601",2021,3,28,"nicolasmaduro",32766
"1602",2021,3,28,"dave capella",20632
"1603",2021,3,28,"mippcivzla",15305
"1604",2021,3,28,"covid",15014
"1605",2021,3,28,"alfredodelmazo",14642
"1606",2021,3,29,"nicolasmaduro",34727
"1607",2021,3,29,"mippcivzla",17213
"1608",2021,3,29,"covid",16996
"1609",2021,3,29,"maduro",8779
"1610",2021,3,29,"alfredodelmazo",8633
"1611",2021,3,30,"mippcivzla",24728
"1612",2021,3,30,"nicolasmaduro",15911
"1613",2021,3,30,"covid",12480
"1614",2021,3,30,"alvaradoc",11859
"1615",2021,3,30,"lara",9645
"1616",2021,3,31,"mippcivzla",18229
"1617",2021,3,31,"nicolasmaduro",17461
"1618",2021,3,31,"covid",13281
"1619",2021,3,31,"diegomarchesi19",10175
"1620",2021,3,31,"lolacordero",5801
